{
	"diaSourceId": 1231321321,
	"diaSource":
	{
		"diaSourceId": 281323062375219200,
		"timeProcessedMjdTai": 60903.0,
		"visit": 1,
        "detector": 42,
		"midpointMjdTai": 60902.993305483615,
		"band": "r",
		"programId": 1,
		"ra": 351.570546978,
		"dec": 0.126243049656,
		"raErr": 0.00028,
		"decErr": 0.00028,
		"ra_dec_Cov": 0.00029,
		"x": 112.1,
		"y": 121.1,
		"xErr": 1.2,
		"yErr": 1.1,
		"x_y_Cov": 1.2,
		"apFlux": 1241.0,
		"apFluxErr": 12.0,
		"snr": 41.1,
		"trailNdata": 5,
		"psfFlux": 1241.0,
		"psfFluxErr": 12.0
	},
	"prvDiaSources": [
    	{
    		"diaSourceId": 281323062375219198,
			"timeProcessedMjdTai": 60902.0,
    		"visit": 2,
            "detector": 43,
    		"midpointMjdTai": 60901.993305483615,
    		"band": "r",
    		"programId": 1,
    		"ra": 351.570546978,
    		"dec": 0.126243049656,
    		"raErr": 0.00028,
    		"decErr": 0.00028,
    		"ra_dec_Cov": 0.00029,
    		"x": 112.1,
    		"y": 121.1,
    		"xErr": 1.2,
    		"yErr": 1.1,
    		"x_y_Cov": 1.2,
    		"apFlux": 1241.0,
    		"apFluxErr": 12.0,
    		"snr": 41.1,
			"trailNdata": 5,
    		"psfFlux": 1241.0,
    		"psfFluxErr": 12.0
    	},
    	{
    		"diaSourceId": 281323062375219199,
			"timeProcessedMjdTai": 60901.0,
    		"visit": 1,
            "detector": 42,
    		"midpointMjdTai": 60900.993305483615,
    		"band": "r",
    		"programId": 1,
    		"ra": 351.570546978,
    		"dec": 0.126243049656,
    		"raErr": 0.00028,
    		"decErr": 0.00028,
    		"ra_dec_Cov": 0.00029,
    		"x": 112.1,
    		"y": 121.1,
    		"xErr": 1.2,
    		"yErr": 1.1,
    		"x_y_Cov": 1.2,
    		"apFlux": 1241.0,
    		"apFluxErr": 12.0,
    		"snr": 41.1,
			"trailNdata": 5,
    		"psfFlux": 1241.0,
    		"psfFluxErr": 12.0
    	}
	],
	"diaObject": {
		"diaObjectId": 281323062375219201,
		"validityStartMjdTai": 60903.0,
		"ra": 351.570546978,
		"dec": 0.126243049656,
		"raErr": 0.00028,
		"decErr": 0.00028,
		"ra_dec_Cov": 0.00029,
    		"firstDiaSourceMjdTai": 60900.993305483615,
    		"lastDiaSourceMjdTai": 60902.993305483615,
		"nDiaSources": 2
	}
}
