{
	"alertId": 1231321321,
	"l1dbId": 222222222,
	"diaSource":
	{
		"diaSourceId": 281323062375219200,
		"ccdVisitId": 111111,
		"midPointTai": 1480360995,
		"filterName": "r",
		"programId": 1,
		"ra": 351.570546978,
		"decl": 0.126243049656,
		"raSigma": 0.00028,
		"declSigma": 0.00028,
		"ra_decl_Cov": 0.00029,
		"x": 112.1,
		"y": 121.1,
		"xSigma": 1.2,
		"ySigma": 1.1,
		"x_y_Cov": 1.2,
		"apFlux": 1241.0,
		"apFluxErr": 12.0,
		"snr": 41.1,
		"psFlux": 1241.0,
		"psFluxErr": 12.0,
		"flags": 0
	},
	"prvDiaSources": [
	{
		"diaSourceId": 281323062375219198,
		"ccdVisitId": 111111,
		"midPointTai": 1480360995,
		"filterName": "r",
		"programId": 1,
		"ra": 351.570546978,
		"decl": 0.126243049656,
		"raSigma": 0.00028,
		"declSigma": 0.00028,
		"ra_decl_Cov": 0.00029,
		"x": 112.1,
		"y": 121.1,
		"xSigma": 1.2,
		"ySigma": 1.1,
		"x_y_Cov": 1.2,
		"apFlux": 1241.0,
		"apFluxErr": 12.0,
		"snr": 41.1,
		"psFlux": 1241.0,
		"psFluxErr": 12.0,
		"flags": 0
	},
	{
		"diaSourceId": 281323062375219199,
		"ccdVisitId": 111111,
		"midPointTai": 1480360995,
		"filterName": "r",
		"programId": 1,
		"ra": 351.570546978,
		"decl": 0.126243049656,
		"raSigma": 0.00028,
		"declSigma": 0.00028,
		"ra_decl_Cov": 0.00029,
		"x": 112.1,
		"y": 121.1,
		"xSigma": 1.2,
		"ySigma": 1.1,
		"x_y_Cov": 1.2,
		"apFlux": 1241.0,
		"apFluxErr": 12.0,
		"snr": 41.1,
		"psFlux": 1241.0,
		"psFluxErr": 12.0,
		"flags": 0
	}
	],
	"diaObject": {
		"diaObjectId": 281323062375219201,
		"ra": 351.570546978,
		"decl": 0.126243049656,
		"raSigma": 0.00028,
		"declSigma": 0.00028,
		"ra_decl_Cov": 0.00029,
		"radecTai": 1480360995,
		"pmRa": 0.00013,
		"pmDecl": 0.00014,
		"parallax": 2.124124,
		"pmRaSigma": 0.00013,
		"pmDeclSigma": 0.00013,
		"parallaxSigma": 0.00013,
		"pmRa_pmDecl_Cov": 0.00013,
		"pmRa_parallax_Cov": 0.00013,
		"pmDecl_parallax_Cov": 0.00013,
		"pmParallaxLnL": 0.00013,
		"pmParallaxChi2": 0.00013,
		"pmParallaxNdata": 1214,
		"flags": 0
	},
	"ssObject": {
		"ssObjectId":5364546,
		"q": 6654.14,
		"e": 636.121,
		"i": 5436.2344,
		"lan": 54325.34,
		"aop": 344243.3,
		"M": 131.1241,
		"epoch": 134141,
		"arc":2.124124,
		"orbFitLnL": 1343141.0341,
		"orbFitChi2": 1341421.2414,
		"orbFitNdata": 1214,
		"MOID1": 3141.0,
		"MOID2": 23432.423,
		"moidLon1": 2143.213,
		"moidLon2": 3142.23123,
		"uH": 13231.231,
		"uHErr": 13213.213,
		"uG1": 32131.312,
		"uG1Err": 31232.2132,
		"uG2": 231.2313,
		"uG2Err": 23132.231,
		"flags": 0
	}
}
