{
	"alertId": 1231321321,
	"l1dbId": 222222222,
	"diaSource":
	{
		"diaSourceId": 281323062375219200,
		"time_processed": 0,
		"visit": 1,
        "detector": 42,
		"midpointMjdTai": 1480360995,
		"band": "r",
		"programId": 1,
		"ra": 351.570546978,
		"dec": 0.126243049656,
		"raErr": 0.00028,
		"decErr": 0.00028,
		"ra_dec_Cov": 0.00029,
		"x": 112.1,
		"y": 121.1,
		"xErr": 1.2,
		"yErr": 1.1,
		"x_y_Cov": 1.2,
		"apFlux": 1241.0,
		"apFluxErr": 12.0,
		"snr": 41.1,
		"trailNdata": 5,
		"psfFlux": 1241.0,
		"psfFluxErr": 12.0
	},
	"prvDiaSources": [
    	{
    		"diaSourceId": 281323062375219198,
			"time_processed": 0,
    		"visit": 2,
            "detector": 43,
    		"midpointMjdTai": 1480360995,
    		"band": "r",
    		"programId": 1,
    		"ra": 351.570546978,
    		"dec": 0.126243049656,
    		"raErr": 0.00028,
    		"decErr": 0.00028,
    		"ra_dec_Cov": 0.00029,
    		"x": 112.1,
    		"y": 121.1,
    		"xErr": 1.2,
    		"yErr": 1.1,
    		"x_y_Cov": 1.2,
    		"apFlux": 1241.0,
    		"apFluxErr": 12.0,
    		"snr": 41.1,
			"trailNdata": 5,
    		"psfFlux": 1241.0,
    		"psfFluxErr": 12.0
    	},
    	{
    		"diaSourceId": 281323062375219199,
			"time_processed": 0,
    		"visit": 1,
            "detector": 42,
    		"midpointMjdTai": 1480360995,
    		"band": "r",
    		"programId": 1,
    		"ra": 351.570546978,
    		"dec": 0.126243049656,
    		"raErr": 0.00028,
    		"decErr": 0.00028,
    		"ra_dec_Cov": 0.00029,
    		"x": 112.1,
    		"y": 121.1,
    		"xErr": 1.2,
    		"yErr": 1.1,
    		"x_y_Cov": 1.2,
    		"apFlux": 1241.0,
    		"apFluxErr": 12.0,
    		"snr": 41.1,
			"trailNdata": 5,
    		"psfFlux": 1241.0,
    		"psfFluxErr": 12.0
    	}
	],
	"diaObject": {
		"diaObjectId": 281323062375219201,
		"validityStart": 0,
		"ra": 351.570546978,
		"dec": 0.126243049656,
		"raErr": 0.00028,
		"decErr": 0.00028,
		"ra_dec_Cov": 0.00029,
		"radecMjdTai": 1480360995,
		"pmRa": 0.00013,
		"pmDec": 0.00014,
		"parallax": 2.124124,
		"pmRaErr": 0.00013,
		"pmDecErr": 0.00013,
		"pmParallaxNdata": 0,
		"parallaxErr": 0.00013,
		"pmRa_pmDec_Cov": 0.00013,
		"pmRa_parallax_Cov": 0.00013,
		"pmDec_parallax_Cov": 0.00013,
		"pmParallaxLnL": 0.00013,
		"pmParallaxChi2": 0.00013,
		"pmParallaxNdata": 1214
	},
	"ssObject": {
		"ssObjectId":5364546,
		"numObs": 10
	}
}
